job_link,last_processed_time,got_summary,got_ner,is_being_worked,job_title,company,job_location,first_seen,search_city,search_country,search_position,job_level,job_type
https://www.linkedin.com/jobs/view/account-executive-dispensing-norcal-northern-nevada-becton-dickinson-at-bd-3802078767,2024-01-21 07:12:29.002560+00:00,t,t,f,Account Executive - Dispensing (NorCal/Northern Nevada) - Becton Dickinson,BD,"San Diego, CA",2024-01-15 00:00:00+00:00,Coronado,United States,Color Maker,Mid senior,Onsite
https://www.linkedin.com/jobs/view/registered-nurse-rn-care-manager-at-trinity-health-mi-3803386312,2024-01-21 07:39:58.881370+00:00,t,t,f,Registered Nurse - RN Care Manager,Trinity Health MI,"Norton Shores, MI",2024-01-14 00:00:00+00:00,Grand Haven,United States,Director Nursing Service,Mid senior,Onsite
https://www.linkedin.com/jobs/view/restaurant-supervisor-the-forklift-at-wasatch-adaptive-sports-3771464419,2024-01-21 07:40:00.251126+00:00,t,t,f,RESTAURANT SUPERVISOR - THE FORKLIFT,Wasatch Adaptive Sports,"Sandy, UT",2024-01-14 00:00:00+00:00,Tooele,United States,Stand-In,Mid senior,Onsite
https://www.linkedin.com/jobs/view/independent-real-estate-agent-at-howard-hanna-rand-realty-3797661348,2024-01-21 07:40:00.308133+00:00,t,t,f,Independent Real Estate Agent,Howard Hanna | Rand Realty,"Englewood Cliffs, NJ",2024-01-16 00:00:00+00:00,Pinehurst,United States,Real-Estate Clerk,Mid senior,Onsite
https://www.linkedin.com/jobs/view/group-unit-supervisor-systems-support-manager-tss-at-irs-office-of-chief-counsel-3803057508,2024-01-19 09:45:09.215838+00:00,f,f,f,Group/Unit Supervisor (Systems Support Manager TSS),"IRS, Office of Chief Counsel","Chamblee, GA",2024-01-17 00:00:00+00:00,Gadsden,United States,Supervisor Travel-Information Center,Mid senior,Onsite
https://www.linkedin.com/jobs/view/counselor-07532802-at-icl-3765316747,2024-01-19 09:45:09.215838+00:00,f,f,f,Counselor-07532802,ICL,"Brooklyn, NY",2024-01-16 00:00:00+00:00,Oyster Bay,United States,Residence Counselor,Mid senior,Onsite
https://www.linkedin.com/jobs/view/registered-nurse-rn-at-trinity-health-mi-3790954711,2024-01-21 08:08:19.663033+00:00,t,t,f,Registered Nurse (RN),Trinity Health MI,"Muskegon, MI",2024-01-14 00:00:00+00:00,Muskegon,United States,Nurse Practitioner,Mid senior,Onsite
https://www.linkedin.com/jobs/view/part-time-hr-generalist-at-creative-financial-staffing-cfs-3798316459,2024-01-21 08:08:19.912883+00:00,t,t,f,Part Time- HR Generalist,Creative Financial Staffing (CFS),"New York, NY",2024-01-16 00:00:00+00:00,White Plains,United States,Human Resource Advisor,Mid senior,Onsite
https://uk.linkedin.com/jobs/view/store-manager-at-b-m-retail-3800482794,2024-01-21 08:08:20.658147+00:00,t,t,f,Store Manager,B&M Retail,"London, England, United Kingdom",2024-01-15 00:00:00+00:00,Slough,United Kingdom,Double,Mid senior,Onsite
https://ca.linkedin.com/jobs/view/engineering-project-coordinator-at-shared-health-soins-communs-3767503688,2024-01-21 08:08:20.998834+00:00,t,t,f,Engineering Project Coordinator,Shared Health-Soins Communs,"Winnipeg, Manitoba, Canada",2024-01-14 00:00:00+00:00,Manitoba,Canada,Program Coordinator,Mid senior,Onsite
https://www.linkedin.com/jobs/view/special-agent-law-legal-background-at-federal-bureau-of-investigation-fbi-3804204630,2024-01-21 08:08:21.308995+00:00,t,t,f,Special Agent: Law/Legal Background,Federal Bureau of Investigation (FBI),"Austin, Texas Metropolitan Area",2024-01-16 00:00:00+00:00,Austin,United States,Special Agent,Associate,Onsite
https://www.linkedin.com/jobs/view/manager-site-operations-at-icon-plc-3770540505,2024-01-21 08:08:22.631819+00:00,t,t,f,"Manager, Site Operations",ICON plc,"Knoxville, TN",2024-01-14 00:00:00+00:00,Louisville,United States,Vendor,Mid senior,Onsite
https://www.linkedin.com/jobs/view/assistant-vice-president-behavioral-health-sciences-full-time-at-rwjbarnabas-health-3770863136,2024-01-21 08:08:23.306631+00:00,t,t,f,Assistant Vice President Behavioral Health Sciences Full Time,RWJBarnabas Health,"Somerville, NJ",2024-01-16 00:00:00+00:00,Hillsborough,United States,Psychiatric Technician,Mid senior,Onsite
https://www.linkedin.com/jobs/view/control-systems-integration-engineer-at-olsson-3793857817,2024-01-21 08:08:24.021822+00:00,t,t,f,Control Systems Integration Engineer,Olsson,"Lincoln, NE",2024-01-14 00:00:00+00:00,Nebraska,United States,Solutions Operator,Associate,Onsite
https://www.linkedin.com/jobs/view/lead-sales-associate-pt-at-dollar-general-3580065885,2024-01-21 08:08:25.628853+00:00,t,t,f,LEAD SALES ASSOCIATE-PT,Dollar General,"Tipton, IN",2024-01-14 00:00:00+00:00,Carmel,United States,Circulation-Sales Representative,Mid senior,Onsite
https://www.linkedin.com/jobs/view/entry-level-financial-advisor-at-northwestern-mutual-3804234391,2024-01-21 02:01:08.480557+00:00,t,t,f,Entry-Level Financial Advisor,Northwestern Mutual,"Fairfield County, CT",2024-01-14 00:00:00+00:00,Derby,United States,Change Person,Mid senior,Onsite
https://www.linkedin.com/jobs/view/senior-associate-tax-product-analyst-at-kpmg-us-3764869128,2024-01-21 02:01:10.496553+00:00,t,t,f,"Senior Associate, Tax - Product Analyst",KPMG US,"Chicago, IL",2024-01-14 00:00:00+00:00,Calumet City,United States,Stand-In,Associate,Onsite
https://www.linkedin.com/jobs/view/human-resources-generalist-at-sig-group-3774789412,2024-01-21 02:01:11.055571+00:00,t,t,f,Human Resources Generalist,SIG Group,"Merced, CA",2024-01-14 00:00:00+00:00,Merced,United States,Manager Benefits,Mid senior,Onsite
https://au.linkedin.com/jobs/view/supervisor-horticulturist-at-green-options-landscape-management-3806558709,2024-01-21 02:01:14.072528+00:00,t,t,f,Supervisor - Horticulturist,Green Options Landscape Management,"Sydney, New South Wales, Australia",2024-01-15 00:00:00+00:00,New South Wales,Australia,Booking Supervisor,Mid senior,Onsite
https://www.linkedin.com/jobs/view/analyst-associate-plan-configuration-quality-control-at-rite-aid-3789079583,2024-01-21 02:01:15.820041+00:00,t,t,f,"Analyst, Associate Plan Configuration & Quality Control",RITE AID,"Yocumtown, PA",2024-01-13 00:00:00+00:00,Lebanon,United States,Quality Assurance Analyst,Mid senior,Onsite
https://www.linkedin.com/jobs/view/custodial-supervisor-palm-beach-area-at-charter-schools-usa-3654168951,2024-01-21 02:01:20.607029+00:00,t,t,f,Custodial Supervisor - Palm Beach Area,Charter Schools USA,"West Palm Beach, FL",2024-01-14 00:00:00+00:00,Palm Springs,United States,Charter,Mid senior,Onsite
https://www.linkedin.com/jobs/view/outside-sales-b2b-forest-hill-md-at-welcome-wagon-3787735858,2024-01-19 09:45:09.215838+00:00,f,f,f,"Outside Sales - B2B - Forest Hill, MD",Welcome Wagon,"Forest Hill, MD",2024-01-15 00:00:00+00:00,Maryland,United States,Double,Mid senior,Onsite
https://www.linkedin.com/jobs/view/rn-executive-director-hospice-at-lhc-group-3801865312,2024-01-21 07:12:34.963881+00:00,t,t,f,RN Executive Director Hospice,LHC Group,"Wytheville, VA",2024-01-14 00:00:00+00:00,Bluefield,United States,Director Nursing Service,Mid senior,Onsite
https://www.linkedin.com/jobs/view/chef-de-cuisine-at-goodwin-recruiting-3805761853,2024-01-21 07:12:35.170823+00:00,t,t,f,Chef de Cuisine,Goodwin Recruiting,"Brookfield, WI",2024-01-14 00:00:00+00:00,Milwaukee,United States,Sous Chef,Mid senior,Onsite
https://www.linkedin.com/jobs/view/test-conductor-space-systems-at-northrop-grumman-3795910227,2024-01-21 06:01:19.472942+00:00,t,t,f,Test Conductor - Space Systems,Northrop Grumman,"Gilbert, AZ",2024-01-15 00:00:00+00:00,Chandler,United States,Conductor,Mid senior,Onsite
https://mx.linkedin.com/jobs/view/sewer-at-stryker-3682088743,2024-01-21 02:01:09.882561+00:00,t,t,f,Sewer,Stryker,"Tijuana, Baja California, Mexico",2024-01-15 00:00:00+00:00,Coronado,United States,Costumer,Associate,Onsite
https://www.linkedin.com/jobs/view/builder-territory-manager-seattle-wa-at-shaw-industries-3787104995,2024-01-21 06:01:12.676071+00:00,t,t,f,"Builder Territory Manager - Seattle , WA",Shaw Industries,"Seattle, WA",2024-01-16 00:00:00+00:00,Bellevue,United States,Exhibit Builder,Mid senior,Onsite
https://www.linkedin.com/jobs/view/travel-allied-health-professional-ct-technologist-at-atlas-medstaff-3805737619,2024-01-21 06:01:13.520931+00:00,t,t,f,Travel Allied Health Professional - CT Technologist,Atlas MedStaff,"Tacoma, WA",2024-01-14 00:00:00+00:00,Tacoma,United States,Nuclear Medicine Technologist,Mid senior,Onsite
https://uk.linkedin.com/jobs/view/property-manager-at-knight-dragon-ltd-3805009895,2024-01-21 06:01:13.568960+00:00,t,t,f,Property Manager,Knight Dragon Ltd,"Royal Borough of Greenwich, England, United Kingdom",2024-01-14 00:00:00+00:00,Basildon,United Kingdom,River,Mid senior,Onsite
https://uk.linkedin.com/jobs/view/senior-hand-therapist-at-hays-3796707365,2024-01-21 06:01:13.728151+00:00,t,t,f,Senior Hand Therapist,Hays,"Milton Keynes, England, United Kingdom",2024-01-14 00:00:00+00:00,Northampton,United Kingdom,Occupational Therapist,Mid senior,Onsite
https://ca.linkedin.com/jobs/view/bombardier-agent-de-s%C3%A9curit%C3%A9-at-securitas-canada-3719124321,2024-01-21 06:01:13.737240+00:00,t,t,f,BOMBARDIER - Agent de sécurité,Securitas Canada,"Montreal, Quebec, Canada",2024-01-14 00:00:00+00:00,Côte-Saint-Luc,Canada,Safety Manager,Mid senior,Onsite
https://www.linkedin.com/jobs/view/kitchen-prep-at-bob-evans-restaurants-llc-3803187020,2024-01-21 06:01:14.503312+00:00,t,t,f,Kitchen Prep,"Bob Evans Restaurants, LLC","Westminster, MD",2024-01-14 00:00:00+00:00,Emmitsburg,United States,Chef,Associate,Onsite
https://www.linkedin.com/jobs/view/rn-part-time-pediatric-icu-at-atrium-health-wake-forest-baptist-3615282471,2024-01-21 06:01:14.682336+00:00,t,t,f,"RN, Part-Time, Pediatric ICU",Atrium Health Wake Forest Baptist,"Winston-Salem, NC",2024-01-14 00:00:00+00:00,High Point,United States,Nurse School,Mid senior,Onsite
https://www.linkedin.com/jobs/view/cheese-specialist-at-safeway-3742784971,2024-01-21 06:01:14.692423+00:00,t,t,f,Cheese Specialist,Safeway,"Mount Airy, MD",2024-01-14 00:00:00+00:00,Frederick,United States,Special Effects Specialist,Mid senior,Onsite
https://www.linkedin.com/jobs/view/rn-at-bon-secours-mercy-health-3781018201,2024-01-21 06:01:14.789346+00:00,t,t,f,RN,Bon Secours Mercy Health,"Oregon, OH",2024-01-16 00:00:00+00:00,Toledo,United States,Research Associate,Mid senior,Onsite
https://www.linkedin.com/jobs/view/paes-schools-counselor-sy-23-24-at-aztec-municipal-school-district-3621760148,2024-01-21 06:01:14.854291+00:00,t,t,f,PAES Schools Counselor SY 23-24,Aztec Municipal School District,"Aztec, NM",2024-01-14 00:00:00+00:00,New Mexico,United States,Counselor,Mid senior,Onsite
https://www.linkedin.com/jobs/view/sales-lead-slpt-lane-bryant-at-lane-bryant-3785216562,2024-01-21 06:01:15.033211+00:00,t,t,f,Sales Lead (SLPT) - Lane Bryant,Lane Bryant,"College Station, TX",2024-01-14 00:00:00+00:00,College Park,United States,Change Person,Mid senior,Onsite
https://www.linkedin.com/jobs/view/retail-district-manager-unassigned-at-dollar-general-3745485556,2024-01-21 07:12:35.189652+00:00,t,t,f,RETAIL DISTRICT MANAGER UNASSIGNED,Dollar General,"Newport, NH",2024-01-14 00:00:00+00:00,New Hampshire,United States,Pressure Supervisor,Mid senior,Onsite
https://www.linkedin.com/jobs/view/asset-wealth-management-%E2%80%93-regulated-investment-company-%E2%80%93-tax-senior-associate-at-pwc-3693032519,2024-01-21 07:12:35.384792+00:00,t,t,f,Asset Wealth Management – Regulated Investment Company – Tax Senior Associate,PwC,"Sacramento, CA",2024-01-14 00:00:00+00:00,Davis,United States,Manager Records Analysis,Mid senior,Onsite
https://www.linkedin.com/jobs/view/travel-rn-med-surg-at-rnnetwork-3802701170,2024-01-21 07:12:35.740031+00:00,t,t,f,Travel RN - Med Surg,RNnetwork,"Billings, MT",2024-01-14 00:00:00+00:00,Billings,United States,Manager Benefits,Mid senior,Onsite
https://www.linkedin.com/jobs/view/sr-experience-design-manager-learn-and-help-at-adobe-3734501806,2024-01-21 07:12:36.069828+00:00,t,t,f,"Sr Experience Design Manager, Learn and Help",Adobe,"New York, NY",2024-01-15 00:00:00+00:00,Bayonne,United States,Cost-And-Sales-Record Supervisor,Mid senior,Onsite
https://ca.linkedin.com/jobs/view/coordonnateur-diversit%C3%A9-%C3%A9quit%C3%A9-et-inclusion-at-ey-3804703972,2024-01-21 07:12:36.508556+00:00,t,t,f,"Coordonnateur, Diversité, équité et inclusion",EY,"Dieppe, New Brunswick, Canada",2024-01-15 00:00:00+00:00,New Brunswick,Canada,Container Coordinator,Mid senior,Onsite
https://www.linkedin.com/jobs/view/assistant-salon-manager-cornelius-gateway-at-jobs-for-humanity-3805265687,2024-01-21 07:12:36.739562+00:00,t,t,f,Assistant Salon Manager - Cornelius Gateway,Jobs for Humanity,"Cornelius, OR",2024-01-14 00:00:00+00:00,Newberg,United States,Barber,Mid senior,Onsite
https://www.linkedin.com/jobs/view/travel-rn-long-term-care-at-coremedical-group-3803578084,2024-01-21 07:12:37.537623+00:00,t,t,f,Travel RN - Long Term Care,CoreMedical Group,"Barnstable, MA",2024-01-14 00:00:00+00:00,Barnstable,United States,Nurse Head,Mid senior,Onsite
https://www.linkedin.com/jobs/view/manufacturing-engineer-ii-machine-shop-r38097-at-blue-origin-3784904292,2024-01-21 07:12:37.754491+00:00,t,t,f,Manufacturing Engineer II - Machine Shop (R38097),BLUE ORIGIN,"Merritt Island, FL",2024-01-14 00:00:00+00:00,Cocoa Beach,United States,Central-Office Equipment Engineer,Mid senior,Onsite
https://www.linkedin.com/jobs/view/income-tax-preparer-2%2Byrs-paid-tax-experience-required-at-jobs-for-humanity-3786027245,2024-01-21 07:12:34.019868+00:00,t,t,f,Income Tax Preparer - 2+Yrs Paid Tax Experience Required,Jobs for Humanity,"Omaha, NE",2024-01-14 00:00:00+00:00,Nebraska,United States,Tax Clerk,Mid senior,Onsite
https://www.linkedin.com/jobs/view/senior-technical-program-manager-technology-governance-at-coinbase-3781129958,2024-01-19 09:45:09.215838+00:00,f,f,f,"Senior Technical Program Manager, Technology Governance",Coinbase,"Washington, DC",2024-01-17 00:00:00+00:00,Saint Charles,United States,Supervisor Mapping,Mid senior,Onsite
https://www.linkedin.com/jobs/view/triage-rn-michigan-heart-aa-office-at-trinity-health-3705247651,2024-01-19 14:39:50.208885+00:00,t,t,f,Triage RN- Michigan Heart AA office,Trinity Health,"Ypsilanti, MI",2024-01-15 00:00:00+00:00,Monroe,United States,Cardiologist,Mid senior,Onsite
https://www.linkedin.com/jobs/view/finance-manager-at-aston-carter-3800151766,2024-01-19 14:39:50.288894+00:00,t,t,f,Finance Manager,Aston Carter,"Southlake, TX",2024-01-17 00:00:00+00:00,Corinth,United States,Supervisor Line Department,Mid senior,Onsite
https://www.linkedin.com/jobs/view/ultrasound-technologist-registered-at-opelousas-general-health-system-3750027666,2024-01-19 14:39:50.450851+00:00,t,t,f,Ultrasound Technologist- Registered,Opelousas General Health System,"Opelousas, LA",2024-01-14 00:00:00+00:00,Lafayette,United States,Manager Employment,Mid senior,Onsite
https://www.linkedin.com/jobs/view/licensed-clinical-psychologist-outpatient-woodburn-or-at-lifestance-health-3802015036,2024-01-19 14:39:51.418106+00:00,t,t,f,"Licensed Clinical Psychologist - Outpatient - Woodburn, OR",LifeStance Health,"Woodburn, OR",2024-01-15 00:00:00+00:00,Beaverton,United States,Clinical Psychologist,Mid senior,Onsite
https://www.linkedin.com/jobs/view/department-manager-up-to-%2437-000-yr-at-mcdonald-s-3787723047,2024-01-19 14:39:52.158156+00:00,t,t,f,"Department Manager up to $37,000/yr",McDonald's,"Anderson, SC",2024-01-14 00:00:00+00:00,Anderson,United States,Manager Department,Mid senior,Onsite
https://www.linkedin.com/jobs/view/sr-hardware-simulation-platform-engineer-chassis-controls-powertrain-at-tesla-3737832096,2024-01-19 09:45:09.215838+00:00,f,f,f,"Sr. Hardware Simulation Platform Engineer, Chassis Controls & Powertrain",Tesla,"Palo Alto, CA",2024-01-16 00:00:00+00:00,Alameda,United States,Processor,Mid senior,Onsite
https://www.linkedin.com/jobs/view/litigation-attorney-at-jobot-3806136981,2024-01-19 09:45:09.215838+00:00,f,f,f,Litigation Attorney,Jobot,"Mount Dora, FL",2024-01-17 00:00:00+00:00,Grand Island,United States,Tax Attorney,Mid senior,Onsite
https://www.linkedin.com/jobs/view/development-services-technician-at-county-of-san-joaquin-3769465536,2024-01-19 14:39:08.158402+00:00,t,t,f,Development Services Technician,County of San Joaquin,"Stockton, CA",2024-01-14 00:00:00+00:00,Lawton,United States,Reproduction Technician,Associate,Onsite
https://www.linkedin.com/jobs/view/employment-attorney-with-relevant-experience-at-bcg-attorney-search-3645762689,2024-01-19 14:39:08.232594+00:00,t,t,f,Employment Attorney with relevant experience,BCG Attorney Search,"Flagstaff, AZ",2024-01-16 00:00:00+00:00,Arizona,United States,Lawyer Criminal,Mid senior,Onsite
https://www.linkedin.com/jobs/view/designer-i-at-us-tech-solutions-3806342219,2024-01-19 14:39:05.553528+00:00,t,t,f,Designer I,US Tech Solutions,"Miami, FL",2024-01-17 00:00:00+00:00,Coral Gables,United States,Tattoo Artist,Mid senior,Onsite
https://www.linkedin.com/jobs/view/superintendent-process-engineer-at-nutrien-3806856954,2024-01-19 14:39:06.873327+00:00,t,t,f,"Superintendent, Process Engineer",Nutrien,"Augusta, GA",2024-01-16 00:00:00+00:00,Martinez,United States,Foundry Metallurgist,Mid senior,Onsite
https://www.linkedin.com/jobs/view/regional-sales-manager-mid-atlantic-at-alfasigma-usa-inc-3806588517,2024-01-19 14:39:07.377973+00:00,t,t,f,"Regional Sales Manager, Mid-Atlantic","Alfasigma USA, Inc.","Charlotte, NC",2024-01-15 00:00:00+00:00,Ridgewood,United States,Director Of Religious Activities,Mid senior,Onsite
https://www.linkedin.com/jobs/view/beauty-advisor-inside-sales-sally-beauty-03500-at-sally-beauty-3702780359,2024-01-19 14:39:09.618801+00:00,t,t,f,Beauty Advisor (Inside Sales) Sally Beauty 03500,Sally Beauty,"Marysville, OH",2024-01-15 00:00:00+00:00,Marysville,United States,Counter Supervisor,Mid senior,Onsite
https://ca.linkedin.com/jobs/view/cibc-analyste-principal-int%C3%A9gration-des-clients-et-soutien-aux-ventes-grandes-entreprises-groupe-entreprises-montr%C3%A9al-bilingue-at-cibc-3745397691,2024-01-19 14:39:10.337464+00:00,t,t,f,"CIBC | Analyste Principal, Intégration des clients et soutien aux ventes (Grandes Entreprises) | Groupe Entreprises | Montréal | bilingue",CIBC,"Montreal, Quebec, Canada",2024-01-16 00:00:00+00:00,Dorval,Canada,Occupational Analyst,Mid senior,Onsite
https://www.linkedin.com/jobs/view/site-supervisor-at-providence-medical-group-dayton-oh-3739810604,2024-01-19 14:39:28.448734+00:00,t,t,f,Site Supervisor,"Providence Medical Group, Dayton, OH","Germantown, OH",2024-01-14 00:00:00+00:00,Xenia,United States,Supervisor Inspection,Mid senior,Onsite
https://www.linkedin.com/jobs/view/office-manager-primary-care-at-hartford-healthcare-3779848970,2024-01-21 06:01:12.764554+00:00,t,t,f,Office Manager - Primary Care,Hartford HealthCare,"Norwich, CT",2024-01-14 00:00:00+00:00,Windham,United States,Administrative Assistant,Mid senior,Onsite
https://www.linkedin.com/jobs/view/ambassador-at-jeni-s-splendid-ice-creams-3799704705,2024-01-21 06:01:12.951860+00:00,t,t,f,Ambassador,Jeni's Splendid Ice Creams,"Bethesda, MD",2024-01-16 00:00:00+00:00,Washington,United States,Goodwill Ambassador,Mid senior,Onsite
https://www.linkedin.com/jobs/view/surgical-sales-representative-at-vantage-surgical-solutions-3800722967,2024-01-21 06:01:13.368912+00:00,t,t,f,Surgical Sales Representative,VANTAGE Surgical Solutions,"Albany, GA",2024-01-16 00:00:00+00:00,Georgia,United States,Handle Maker,Associate,Onsite
https://uk.linkedin.com/jobs/view/ct-technologist-at-host-healthcare-inc-3806801539,2024-01-21 06:01:14.166308+00:00,t,t,f,CT Technologist,"Host Healthcare, Inc.","Elsworth, England, United Kingdom",2024-01-16 00:00:00+00:00,Peterborough,United Kingdom,Radiation-Therapy Technologist,Mid senior,Onsite
https://www.linkedin.com/jobs/view/electrical-engineer-23-01066-at-espo-corporation-3270339955,2024-01-21 06:01:15.652901+00:00,t,t,f,Electrical Engineer 23-01066,ESPO Corporation,"Rockford, IL",2024-01-14 00:00:00+00:00,Belvidere,United States,Civil Engineer,Associate,Onsite
https://www.linkedin.com/jobs/view/quality-engineer-aerospace-at-daher-3802116488,2024-01-21 06:01:15.915893+00:00,t,t,f,Quality Engineer - Aerospace,DAHER,"Stuart, FL",2024-01-14 00:00:00+00:00,Florida,United States,Industrial Engineer,Associate,Onsite
https://www.linkedin.com/jobs/view/juice-barista-part-time-at-wis-international-3732414071,2024-01-19 14:39:31.638303+00:00,t,t,f,Juice Barista Part Time,WIS International,"Southgate, MI",2024-01-14 00:00:00+00:00,Monroe,United States,Bartender,Mid senior,Onsite
https://ca.linkedin.com/jobs/view/assignment-coordinator-casual-at-paramed-home-health-care-3802432316,2024-01-19 09:45:09.215838+00:00,f,f,f,Assignment Coordinator - Casual,ParaMed Home Health Care,"North York, Ontario, Canada",2024-01-16 00:00:00+00:00,North York,Canada,Prize Coordinator,Mid senior,Onsite
https://www.linkedin.com/jobs/view/travel-allied-health-professional-ct-technologist-at-aureus-medical-group-3802593504,2024-01-19 14:39:09.772798+00:00,t,t,f,Travel Allied Health Professional - CT Technologist,Aureus Medical Group,"Hackensack, NJ",2024-01-14 00:00:00+00:00,White Plains,United States,Nuclear Medicine Technologist,Mid senior,Onsite
https://uk.linkedin.com/jobs/view/staff-nurse-at-recruitment-panda-ltd-3687952455,2024-01-19 14:39:33.078029+00:00,t,t,f,Staff Nurse,Recruitment Panda Ltd,"Tavistock, England, United Kingdom",2024-01-14 00:00:00+00:00,Plymouth,United Kingdom,Christian Science Nurse,Mid senior,Onsite
https://www.linkedin.com/jobs/view/pediatric-critical-care-nurse-practitioner-needed-for-locum-tenens-coverage-at-facility-in-iowa-city-iowa-at-locumtenens-com-3752895025,2024-01-19 14:39:33.128171+00:00,t,t,f,"Pediatric Critical Care Nurse Practitioner Needed for Locum Tenens Coverage at Facility in Iowa City, Iowa",LocumTenens.com,"Iowa City, IA",2024-01-16 00:00:00+00:00,Amana Colonies,United States,Medical Physicist,Mid senior,Onsite
https://www.linkedin.com/jobs/view/cable-installer-at-jobs-for-humanity-3805387781,2024-01-19 14:39:33.318034+00:00,t,t,f,Cable Installer,Jobs for Humanity,"Santa Claus, IN",2024-01-15 00:00:00+00:00,Indiana,United States,Cable Television Installer,Mid senior,Onsite
https://www.linkedin.com/jobs/view/permanent-physician-family-practice-at-comphealth-3778107763,2024-01-19 14:39:33.371145+00:00,t,t,f,Permanent | Physician Family Practice,CompHealth,"Modesto, CA",2024-01-14 00:00:00+00:00,Modesto,United States,Family Practitioner,Mid senior,Onsite
https://www.linkedin.com/jobs/view/lead-based-loan-originator-at-certified-mobile-notary-service-3793217319,2024-01-19 14:39:33.567988+00:00,t,t,f,Lead Based Loan Originator,Certified Mobile Notary Service,"Seattle, WA",2024-01-16 00:00:00+00:00,Summit,United States,Handle Maker,Mid senior,Onsite
https://www.linkedin.com/jobs/view/customer-service-representative-at-david-s-bridal-3785648235,2024-01-19 14:39:34.270117+00:00,t,t,f,Customer Service Representative,David's Bridal,"Maple Shade, NJ",2024-01-14 00:00:00+00:00,Winslow,United States,Service Representative,Mid senior,Onsite
https://www.linkedin.com/jobs/view/registered-nurse-ii-acute-care-at-bassett-healthcare-at-health-ecareers-3787583796,2024-01-19 14:39:34.685084+00:00,t,t,f,"Registered Nurse II, Acute Care at Bassett Healthcare",Health eCareers,"Cooperstown, NY",2024-01-14 00:00:00+00:00,Herkimer,United States,Nurse Practitioner,Mid senior,Onsite
https://www.linkedin.com/jobs/view/endodontist-at-sonrava-health-3668709907,2024-01-19 14:39:34.812720+00:00,t,t,f,Endodontist,Sonrava Health,"Gainesville, FL",2024-01-16 00:00:00+00:00,Gainesville,United States,Endodontist,Mid senior,Onsite
https://www.linkedin.com/jobs/view/senior-personal-banker-at-minnesota-bank-trust-a-division-of-htlf-bank-3792787260,2024-01-19 14:39:35.029729+00:00,t,t,f,Senior Personal Banker,"Minnesota Bank & Trust, a division of HTLF Bank","Edina, MN",2024-01-14 00:00:00+00:00,Minneapolis,United States,Teller,Mid senior,Onsite
https://www.linkedin.com/jobs/view/beauty-advisor-inside-sales-sally-beauty-03815-at-sally-beauty-3702776876,2024-01-19 14:39:35.295785+00:00,t,t,f,Beauty Advisor (Inside Sales) Sally Beauty 03815,Sally Beauty,"Atwater, CA",2024-01-15 00:00:00+00:00,Merced,United States,Counter Supervisor,Mid senior,Onsite
https://www.linkedin.com/jobs/view/clinical-case-manager-bbs-registered-ccm-at-caminar-inc-3788594657,2024-01-19 14:39:35.392444+00:00,t,t,f,"Clinical Case Manager (BBS Registered), CCM","Caminar, Inc.","Vallejo, CA",2024-01-14 00:00:00+00:00,Novato,United States,Retirement Officer,Mid senior,Onsite
https://www.linkedin.com/jobs/view/lead-sales-associate-pt-at-dollar-general-3683979372,2024-01-19 14:39:35.883985+00:00,t,t,f,LEAD SALES ASSOCIATE-PT,Dollar General,"Savannah, GA",2024-01-14 00:00:00+00:00,Savannah,United States,Sales Attendant,Mid senior,Onsite
https://www.linkedin.com/jobs/view/survey-crew-chief-michigan-at-ohm-advisors-3805727731,2024-01-19 14:39:39.628919+00:00,t,t,f,Survey Crew Chief - Michigan,OHM Advisors,"Ann Arbor, MI",2024-01-14 00:00:00+00:00,Waterloo,United States,Supervisor Line,Mid senior,Onsite
https://www.linkedin.com/jobs/view/volunteer-emergency-department-volunteer-ambassador-at-volunteermatch-3803961868,2024-01-19 09:45:09.215838+00:00,f,f,f,Volunteer: Emergency Department Volunteer Ambassador,VolunteerMatch,"Huntington, NY",2024-01-16 00:00:00+00:00,Bridgeport,United States,Goodwill Ambassador,Associate,Onsite
https://www.linkedin.com/jobs/view/surgical-technologist-at-saint-michael-s-medical-center-3740434053,2024-01-19 14:39:32.955640+00:00,t,t,f,Surgical Technologist,Saint Michael's Medical Center,"Newark, NJ",2024-01-14 00:00:00+00:00,Bound Brook,United States,Surgical Technician,Mid senior,Onsite
https://www.linkedin.com/jobs/view/merrill-financial-solutions-advisor-oregon-sw-washington-market-at-bank-of-america-3744300206,2024-01-19 14:39:33.573261+00:00,t,t,f,Merrill Financial Solutions Advisor - Oregon & SW Washington Market,Bank of America,"Vancouver, WA",2024-01-16 00:00:00+00:00,Beaverton,United States,Financial Planner,Mid senior,Onsite
https://www.linkedin.com/jobs/view/rad-tech-at-virginia-mason-franciscan-health-3628340333,2024-01-19 14:39:33.898387+00:00,t,t,f,Rad Tech,Virginia Mason Franciscan Health,"Seattle, WA",2024-01-13 00:00:00+00:00,Summit,United States,Radiologist,Mid senior,Onsite
https://www.linkedin.com/jobs/view/sous-chef-redwood-city-at-doordash-3805707129,2024-01-19 14:39:34.178023+00:00,t,t,f,Sous Chef - Redwood City,DoorDash,"Redwood City, CA",2024-01-14 00:00:00+00:00,Union City,United States,Sous Chef,Mid senior,Onsite
https://www.linkedin.com/jobs/view/senior-software-engineer-backend-at-walmart-3760950841,2024-01-19 09:45:09.215838+00:00,f,f,f,Senior Software Engineer - Backend,Walmart,"Reston, VA",2024-01-15 00:00:00+00:00,Bethesda-Chevy Chase,United States,Chief Computer Programmer,Mid senior,Onsite
https://www.linkedin.com/jobs/view/online-esl-teacher-at-jobs-for-humanity-3806305198,2024-01-19 09:45:09.215838+00:00,f,f,f,Online ESL Teacher,Jobs for Humanity,"Minnetonka, MN",2024-01-17 00:00:00+00:00,South Saint Paul,United States,Teacher Music,Mid senior,Onsite
https://www.linkedin.com/jobs/view/keyholder-at-torrid-3712384620,2024-01-19 09:45:09.215838+00:00,f,f,f,Keyholder,Torrid,"Brandon, FL",2024-01-16 00:00:00+00:00,Tampa,United States,Reader,Mid senior,Onsite
https://uk.linkedin.com/jobs/view/finance-manager-film-at-handle-recruitment-3806167441,2024-01-19 09:45:09.215838+00:00,f,f,f,Finance Manager - Film,Handle Recruitment,"City of London, England, United Kingdom",2024-01-16 00:00:00+00:00,Greater London,United Kingdom,Script Reader,Mid senior,Onsite
https://uk.linkedin.com/jobs/view/health-and-fitness-instructor-at-hilton-3805938900,2024-01-19 09:45:09.215838+00:00,f,f,f,Health and Fitness Instructor,Hilton,"Tewkesbury, England, United Kingdom",2024-01-16 00:00:00+00:00,Cheltenham,United Kingdom,Instructor Sports,Mid senior,Onsite
https://www.linkedin.com/jobs/view/financial-advisor-at-first-command-financial-services-inc-3416333234,2024-01-19 09:45:09.215838+00:00,f,f,f,Financial Advisor,"First Command Financial Services, Inc.","Pittsburgh, PA",2024-01-16 00:00:00+00:00,New Kensington,United States,Financial Planner,Mid senior,Onsite
https://www.linkedin.com/jobs/view/ophthalmologist-needed-in-arkansas-at-the-eye-group-3791064818,2024-01-19 09:45:09.215838+00:00,f,f,f,Ophthalmologist needed in Arkansas,The Eye Group,"Fort Smith, AR",2024-01-16 00:00:00+00:00,Arkansas,United States,Ophthalmologist,Mid senior,Onsite
https://www.linkedin.com/jobs/view/behavioral-health-counselor-travel-position-at-sandstone-care-3803493931,2024-01-21 07:40:11.491706+00:00,t,t,f,Behavioral Health Counselor (Travel Position),Sandstone Care,"Chantilly, VA",2024-01-13 00:00:00+00:00,Manassas,United States,Clinical Therapist,Mid senior,Onsite
https://www.linkedin.com/jobs/view/customer-service-representative-associate-r206-at-byram-healthcare-3797878201,2024-01-21 07:40:11.665478+00:00,t,t,f,"Customer Service Representative, Associate (R206)",Byram Healthcare,"Downers Grove, IL",2024-01-14 00:00:00+00:00,Bristol,United States,Service Representative,Mid senior,Onsite
https://www.linkedin.com/jobs/view/rn-transitional-care-at-providence-at-health-ecareers-3795559609,2024-01-21 07:40:12.453437+00:00,t,t,f,RN - Transitional Care at Providence,Health eCareers,"Anchorage, AK",2024-01-16 00:00:00+00:00,Alaska,United States,Nurse Private Duty,Mid senior,Onsite
https://au.linkedin.com/jobs/view/facilities-manager-group-421-at-woolworths-group-3737457183,2024-01-21 07:40:33.153713+00:00,t,t,f,Facilities Manager Group 421,Woolworths Group,"Sydney, New South Wales, Australia",2024-01-14 00:00:00+00:00,Sydney,Australia,Supervisor Cleaning,Mid senior,Onsite
